<?xml version="1.0" encoding="ISO-8859-1"?>
<savegame>
  <playerName>david</playerName>
  <lastPlayedNameSet>C:\Users\cleav\Desktop\SHOOL\CLEAVELAND ONYANGO-PROJECT(COMPUTING)-FOR EXTENAL PROGRAMMES-PROPOSAL AND PROJECT\GAME PROJECT BY CLEAVELAND/levels\boxworld.xml</lastPlayedNameSet>
  <lastFinishedLevel>1</lastFinishedLevel>
  <levelSets>
    <levelSet title="@GAME PROJECT BY CLEAVELAND .O">
      <lastFinishedLevelInSet>0</lastFinishedLevelInSet>
      <level levelNr="1">
        <moves>10</moves>
        <pushes>6</pushes>
      </level>
    </levelSet>
  </levelSets>
</savegame>