<?xml version="1.0" encoding="ISO-8859-1"?>
<savegame>
  <playerName>DEEZ</playerName>
  <lastPlayedNameSet>C:\Users\cleav\Desktop\SHOOL\CLEAVELAND ONYANGO-PROJECT(COMPUTING)-FOR EXTENAL PROGRAMMES-PROPOSAL AND PROJECT\GAME PROJECT BY CLEAVELAND/levels\boxworld.xml</lastPlayedNameSet>
  <lastFinishedLevel>3</lastFinishedLevel>
  <levelSets>
    <levelSet title="@GAME PROJECT BY CLEAVELAND .O">
      <lastFinishedLevelInSet>0</lastFinishedLevelInSet>
      <level levelNr="1">
        <moves>11</moves>
        <pushes>6</pushes>
      </level>
      <level levelNr="2">
        <moves>93</moves>
        <pushes>31</pushes>
      </level>
      <level levelNr="3">
        <moves>53</moves>
        <pushes>11</pushes>
      </level>
    </levelSet>
  </levelSets>
</savegame>