<?xml version="1.0" encoding="ISO-8859-1"?>
<savegame>
  <playerName>Laura</playerName>
  <lastPlayedNameSet>C:\Users\cleav\Desktop\SHOOL\CLEAVELAND ONYANGO-PROJECT(COMPUTING)-FOR EXTENAL PROGRAMMES-PROPOSAL AND PROJECT\GAME PROJECT BY CLEAVELAND/levels\boxworld.xml</lastPlayedNameSet>
  <lastFinishedLevel>0</lastFinishedLevel>
  <levelSets>
    <levelSet title="@GAME PROJECT BY CLEAVELAND .O">
      <lastFinishedLevelInSet>0</lastFinishedLevelInSet>
    </levelSet>
  </levelSets>
</savegame>